City ID,City,Cloudiness,Country,Date,Humidity,Lat,Lon,Max Temp (F),Wind Speed (MPH)
3696183,Iquitos,75,PE,1607745690,88,-3.75,-73.25,75.2,21.92
5339663,Coronado,20,US,1607745766,71,32.69,-117.18,57.2,2.42
2034497,Guangming,0,CN,1607745767,65,45.33,122.78,13.89,6.64
5991888,Killam,49,CA,1607745607,100,52.78,-111.85,19.4,10.29
3445026,Vila Velha,90,BR,1607745628,94,-20.33,-40.29,75.2,2.24
4762894,Hampton,20,US,1607745767,67,37.03,-76.35,57.99,4.7
5880054,Barrow,75,US,1607745767,76,71.29,-156.79,-5.8,14.99
108410,Riyadh,0,SA,1607745760,66,24.69,46.72,48.2,2.93
1106643,Quatre Cocos,40,MU,1607745768,69,-20.21,57.76,80.01,11.41
2110227,Butaritari,73,KI,1607745687,78,3.07,172.79,81.21,14.56
2037078,Hailar,0,CN,1607745768,85,49.2,119.7,-6.39,3.33
3580477,West Bay,20,KY,1607745768,88,19.37,-81.42,78.01,10.29
5882953,Aklavik,0,CA,1607745768,68,68.22,-135.01,-16.6,5.82
658629,Haukipudas,90,FI,1607745769,85,65.18,25.35,24.8,9.17
3147822,Leirvik,65,NO,1607745769,66,59.78,5.5,41.0,1.99
2155415,New Norfolk,0,AU,1607745769,31,-42.78,147.06,78.01,3.0
2022572,Khatanga,78,RU,1607745770,83,71.97,102.5,-24.65,5.66
3448903,São João da Barra,99,BR,1607745770,92,-21.64,-41.05,74.8,5.01
1257479,Sānchi,90,IN,1607745770,100,23.48,77.73,62.6,11.41
2804867,Zella-Mehlis,100,DE,1607745770,88,50.65,10.65,36.0,5.99
1253237,Verāval,39,IN,1607745770,74,20.9,70.37,75.85,7.76
3839307,Rawson,87,AR,1607745654,35,-43.3,-65.1,65.75,29.55
2035836,Manzhouli,0,CN,1607745771,80,49.6,117.43,-4.22,7.67
882100,Rusape,68,ZW,1607745771,89,-18.53,32.13,63.57,4.74
1262062,Naliya,0,IN,1607745771,38,23.27,68.83,74.28,18.23
934482,Grand Baie,36,MU,1607745771,61,-20.02,57.58,80.01,5.99
3361934,Saldanha,0,ZA,1607745641,82,-33.01,17.94,57.2,3.36
1064234,Ikongo,99,MG,1607745772,86,-21.88,47.43,70.3,0.31
1856392,Muroto-misakicho,40,JP,1607745772,44,33.28,134.15,60.8,14.99
2092164,Lorengau,97,PG,1607745772,74,-2.02,147.27,85.15,8.12
1855540,Naze,75,JP,1607745772,64,28.37,129.48,71.6,8.05
4419500,Brookhaven,100,US,1607745772,84,31.58,-90.44,64.0,5.99
5110365,Broome,1,US,1607745772,70,42.25,-75.83,42.8,5.82
2112802,Hasaki,75,JP,1607745773,66,35.73,140.83,59.0,5.82
1265053,Lar,56,IN,1607745773,37,26.2,83.97,75.87,5.53
2399888,Lambaréné,100,GA,1607745773,93,-0.7,10.24,74.03,2.35
5746545,Portland,90,US,1607745637,86,45.52,-122.68,39.99,3.36
1806041,Jiaocheng,46,CN,1607745773,40,24.68,116.14,77.67,1.66
6167817,Torbay,75,CA,1607745596,91,47.67,-52.73,34.0,17.22
3464255,Encruzilhada do Sul,40,BR,1607745774,80,-30.54,-52.52,67.86,4.32
2127060,Arman',100,RU,1607745774,92,59.7,150.17,8.65,14.47
3946820,Barranca,100,PE,1607745677,92,-10.75,-77.77,65.41,7.05
4853078,Creston,90,US,1607745774,100,41.06,-94.36,33.8,21.92
1576303,Lao Cai,71,VN,1607745774,59,22.48,103.95,75.36,2.53
5546220,Saint George,1,US,1607745529,56,37.1,-113.58,44.6,1.83
3372472,Vila Franca do Campo,75,PT,1607745775,72,37.72,-25.43,62.6,16.11
1282256,Hithadhoo,25,MV,1607745775,75,-0.6,73.08,81.79,12.17
4132093,Springdale,20,US,1607745775,100,36.19,-94.13,42.8,8.05
1507638,Chunoyar,98,RU,1607745775,88,57.45,97.32,-6.3,3.22
1244926,Hambantota,75,LK,1607745588,88,6.12,81.12,78.8,5.82
74477,Ibb,1,YE,1607745734,74,13.97,44.18,56.44,1.25
2022773,Khandyga,79,RU,1607745776,80,62.67,135.6,-42.09,1.39
2122104,Petropavlovsk-Kamchatskiy,75,RU,1607745776,67,53.05,158.65,23.0,4.47
2177671,Armidale,100,AU,1607745776,80,-30.52,151.65,55.99,8.99
3557332,Guisa,5,CU,1607745776,94,20.25,-76.54,71.6,6.93
777019,Vardø,94,NO,1607745683,93,70.37,31.11,32.79,14.76
370737,Malakal,67,SS,1607745777,33,9.53,31.66,73.26,5.44
217562,Butembo,76,CD,1607745777,75,0.15,29.28,57.09,2.84
2138522,Poya,100,NC,1607745777,79,-21.35,165.15,75.79,6.96
521776,Nikol'sk,25,RU,1607745777,95,53.72,46.07,6.6,6.76
6149374,Slave Lake,40,CA,1607745777,85,55.28,-114.77,19.4,9.17
5364271,Laguna,90,US,1607745778,87,38.42,-121.42,46.99,4.7
162199,Annau,90,TM,1607745632,92,37.89,58.52,21.2,4.7
3457708,Maricá,75,BR,1607745778,83,-22.92,-42.82,80.01,2.24
6149996,Smithers,90,CA,1607745778,100,54.78,-127.17,28.4,2.24
1701054,Marawi,100,PH,1607745778,78,8.0,124.29,84.0,7.0
3991622,La Providencia,5,MX,1607745779,59,28.72,-111.58,64.4,5.5
1503726,Kharp,96,RU,1607745779,90,66.8,65.81,10.71,13.56
2012956,Yerbogachën,19,RU,1607745779,81,61.28,108.01,-34.96,2.37
153352,Mlowo,71,TZ,1607745779,91,-9.0,32.98,59.85,1.86
3874787,Punta Arenas,99,CL,1607745780,75,-53.15,-70.92,42.8,19.46
5563839,Fortuna,100,US,1607745780,90,40.6,-124.16,48.99,5.01
1015776,Bredasdorp,2,ZA,1607745780,82,-34.53,20.04,57.2,5.82
1628884,Sampit,100,ID,1607745780,62,-2.53,112.95,87.31,3.22
2315057,Kasangulu,75,CD,1607745781,83,-4.59,15.17,77.0,2.21
2074865,Carnarvon,90,AU,1607745682,74,-24.87,113.63,78.8,14.99
2181625,Te Anau,67,NZ,1607745688,61,-45.42,167.72,55.71,6.98
1273892,Dhadar,30,IN,1607745781,51,28.33,75.06,60.98,6.33
659101,Hanko,100,FI,1607745781,87,59.83,22.95,37.0,1.01
2110560,Yamada,100,JP,1607745782,80,39.47,141.95,47.1,10.29
2022143,Khuzhir,100,RU,1607745783,85,53.19,107.34,8.29,17.13
1491525,Sokur,90,RU,1607745783,85,55.21,83.32,12.2,11.18
4726521,San Patricio,90,US,1607745783,93,28.02,-97.52,66.99,4.7
2028462,Ulaanbaatar,40,MN,1607745721,69,47.91,106.88,-11.2,2.24
236844,Ouango,45,CF,1607745783,67,4.31,22.56,70.05,0.98
1586443,Ca Mau,80,VN,1607745784,69,9.18,105.15,86.02,8.63
2657782,Aberystwyth,100,GB,1607745784,100,52.42,-4.08,45.0,1.01
905846,Mpika,96,ZM,1607745784,92,-11.83,31.45,63.68,2.62
3424607,Tasiilaq,100,GL,1607745784,86,65.61,-37.64,30.2,5.82
6185377,Yellowknife,90,CA,1607745687,77,62.46,-114.35,0.0,13.87
4035715,Avarua,100,CK,1607745620,83,-21.21,-159.78,80.6,11.41
3671450,Inírida,99,CO,1607745785,95,3.87,-67.92,73.74,1.61
2121385,Severo-Kuril'sk,85,RU,1607745785,92,50.68,156.12,29.52,11.3
1714733,Dingle,18,PH,1607745785,69,11.0,122.67,87.28,4.65
1786110,Yuancheng,100,CN,1607745785,89,36.65,107.79,30.61,14.32
3403395,Cândido Mendes,2,BR,1607745632,87,-1.45,-45.72,76.01,3.98
64814,Bandarbeyla,99,SO,1607745786,56,9.49,50.81,73.4,20.83
2018735,Nyurba,96,RU,1607745677,85,63.28,118.33,-28.17,2.53
2548885,Fes,90,MA,1607745786,100,34.04,-5.0,55.4,4.7
2108502,Honiara,40,SB,1607745786,56,-9.43,159.95,93.2,16.11
2121025,Srednekolymsk,100,RU,1607745786,85,67.45,153.68,-25.76,3.89
6620339,Karratha,44,AU,1607745787,67,-20.74,116.85,82.89,18.25
5554428,Ketchikan,20,US,1607745787,100,55.34,-131.65,33.8,2.26
1489822,Tegul'det,100,RU,1607745787,93,57.31,88.17,1.45,4.41
1267044,Khandela,42,IN,1607745787,67,27.6,75.5,60.53,4.07
3728097,Les Cayes,25,HT,1607745787,83,18.2,-73.75,74.32,6.2
2871039,Minden,100,DE,1607745788,80,52.28,8.92,39.2,11.41
1805987,Jiaozuo,77,CN,1607745788,43,35.24,113.23,50.41,1.45
5122534,Jamestown,1,US,1607745788,86,42.1,-79.24,39.2,5.32
4020109,Atuona,7,PF,1607745788,74,-9.8,-139.03,78.84,19.57
525426,Sobolevo,0,RU,1607745789,94,54.43,31.9,21.13,11.21
3466165,Cidreira,70,BR,1607745789,88,-30.18,-50.21,73.62,12.15
2031964,Darhan,85,MN,1607745789,85,49.49,105.92,3.24,2.68
2264557,Ponta do Sol,40,PT,1607745789,77,32.67,-17.1,62.6,6.93
912628,Kasempa,100,ZM,1607745789,97,-13.46,25.83,63.64,4.74
706244,Khotyn,100,UA,1607745790,97,48.48,26.5,32.0,8.01
5847411,Kahului,20,US,1607745696,57,20.89,-156.47,80.6,20.8
2025630,Chara,100,RU,1607745790,83,56.91,118.26,-13.65,1.03
1254046,Tura,21,IN,1607745791,62,25.52,90.22,70.72,2.33
3893629,Coquimbo,0,CL,1607745791,87,-29.95,-71.34,57.2,3.36
1732826,Mersing,40,MY,1607745791,88,2.43,103.84,77.0,4.7
1852479,Shimabara,20,JP,1607745791,62,32.78,130.37,59.0,5.82
2729907,Longyearbyen,20,SJ,1607745645,60,78.22,15.64,6.8,5.82
3393471,Oriximiná,26,BR,1607745792,60,-1.77,-55.87,77.77,3.65
151567,Nguruka,100,TZ,1607745792,96,-5.11,31.04,64.35,3.29
2122605,Okhotsk,97,RU,1607745792,81,59.38,143.3,-3.86,21.59
2618795,Klaksvík,100,FO,1607745616,93,62.23,-6.59,44.6,26.4
2446796,Bilma,0,NE,1607745792,28,18.69,12.92,64.96,2.93
3924341,Aiquile,100,BO,1607745792,76,-18.2,-65.18,62.4,2.33
610298,Beyneu,0,KZ,1607745793,96,45.32,55.2,18.3,12.68
3398428,Humberto de Campos,1,BR,1607745793,85,-2.6,-43.46,77.99,6.78
2038087,Chengde,3,CN,1607745793,79,40.97,117.94,26.44,1.74
3440777,Rocha,7,UY,1607745793,80,-34.48,-54.33,56.19,4.09
3576994,Cockburn Town,75,TC,1607745793,81,21.46,-71.14,78.22,23.11
2128975,Nemuro,75,JP,1607745757,87,43.32,145.57,33.8,8.05
2460954,Araouane,0,ML,1607745794,30,18.9,-3.53,58.64,11.18
2177069,Ballina,75,AU,1607745794,94,-28.87,153.57,68.0,10.29
1501377,Kungurtug,100,RU,1607745794,82,50.6,97.52,-5.51,0.98
3932145,Pisco,0,PE,1607745794,82,-13.7,-76.22,66.2,11.41
2171099,Codrington,99,AU,1607745794,36,-38.27,141.97,81.23,12.8
2014624,Udachny,0,RU,1607745689,59,66.42,112.4,-32.8,4.47
2293428,Adiaké,20,CI,1607745795,88,5.29,-3.3,80.6,4.7
4031742,Egvekinot,100,RU,1607745795,91,66.32,-179.17,2.62,13.49
3420768,Qasigiannguit,0,GL,1607745795,40,68.82,-51.19,15.8,9.17
1162094,Ziarat,0,PK,1607745795,84,30.38,67.73,29.91,7.05
2027487,Arkhara,100,RU,1607745795,91,49.42,130.08,0.5,6.33
1492893,Sayanogorsk,100,RU,1607745795,88,53.09,91.4,11.97,6.55
454178,Viļāni,93,LV,1607745796,93,56.55,26.92,27.07,11.54
3454005,Piaçabuçu,36,BR,1607745796,77,-10.41,-36.43,75.83,9.35
3628473,San Cristobal,95,VE,1607745796,92,7.77,-72.22,65.19,1.34
701802,Markova,100,UA,1607745596,93,48.68,24.41,34.86,5.75
1633419,Padang,36,ID,1607745749,57,-0.95,100.35,85.19,3.6
546105,Nikolskoye,75,RU,1607745797,90,59.7,30.79,33.01,8.95
3441273,Paso de los Toros,0,UY,1607745797,85,-32.82,-56.52,64.17,4.79
5557293,Sitka,90,US,1607745797,80,57.05,-135.33,39.2,5.82
3697838,Contamana,100,PE,1607745797,87,-7.33,-75.02,75.38,2.19
2063036,Port Lincoln,100,AU,1607745797,45,-34.73,135.87,76.03,9.1
3357114,Grootfontein,100,NA,1607745797,31,-19.57,18.12,65.17,6.31
3899695,Ancud,40,CL,1607745798,93,-41.87,-73.82,51.01,3.36
3385538,Vargem Grande,3,BR,1607745798,90,-3.54,-43.92,74.84,2.39
1526970,Abay,75,KZ,1607745563,84,49.63,72.85,8.6,6.71
5742974,North Bend,90,US,1607745649,100,43.41,-124.22,44.6,8.05
5859699,College,20,US,1607745798,69,64.86,-147.8,-7.01,9.17
2033423,Yebaishou,45,CN,1607745798,88,41.4,119.64,20.28,2.91
4032243,Vaini,40,TO,1607745799,74,-21.2,-175.2,82.4,12.75
4231997,Avera,1,US,1607745637,93,33.19,-82.53,48.2,3.36
778362,Øksfjord,100,NO,1607745799,93,70.24,22.35,32.0,20.8
3948613,Acarí,28,PE,1607745799,67,-15.43,-74.62,67.28,2.51
587378,Ağdaş,90,AZ,1607745609,86,40.65,47.48,37.4,5.82
1058381,Morondava,82,MG,1607745800,80,-20.28,44.28,76.41,6.11
3060950,Brezno,93,SK,1607745800,67,48.8,19.64,33.01,3.38
161616,Balkanabat,0,TM,1607745800,85,39.51,54.37,28.26,1.48
4031574,Provideniya,100,RU,1607745800,94,64.38,-173.3,13.66,26.19
3942259,Coracora,76,PE,1607745800,73,-15.03,-73.78,49.48,3.29
3625710,Upata,1,VE,1607745800,82,8.01,-62.4,77.0,1.99
2136150,Luganville,90,VU,1607745800,83,-15.53,167.17,84.2,4.7
2318123,Yenagoa,92,NG,1607745801,94,4.92,6.26,74.98,1.79
2281120,Tabou,65,CI,1607745801,84,4.42,-7.35,78.12,5.28
49747,Oddur,16,SO,1607745801,71,4.12,43.89,67.69,17.76
1735106,George Town,20,MY,1607745801,74,5.41,100.34,87.8,4.7
1349355,Raypur,0,IN,1607745801,93,22.41,88.51,60.8,4.7
4477525,Lumberton,1,US,1607745605,93,34.62,-79.01,51.8,5.82
4021858,Guerrero Negro,0,MX,1607745802,85,27.98,-114.06,57.85,8.99
1524801,Shīeli,0,KZ,1607745802,89,44.17,66.75,22.08,10.27
2637762,Skegness,90,GB,1607745802,100,53.14,0.34,43.0,5.82
1490551,Suzun,100,RU,1607745802,94,53.78,82.31,7.56,10.69
2021017,Kysyl-Syr,98,RU,1607745588,83,63.9,122.76,-33.25,1.99
2208248,Kaitangata,100,NZ,1607745803,63,-46.28,169.85,57.99,21.0
218680,Boende,100,CD,1607745803,94,-0.22,20.87,71.38,2.1
2094342,Kavieng,100,PG,1607745803,74,-2.57,150.8,84.38,7.76
2021041,Kyra,56,RU,1607745803,73,49.58,111.98,2.44,7.0
1528998,Yumen,99,CN,1607745803,90,40.28,97.2,11.86,13.42
4030556,Rikitea,100,PF,1607745599,78,-23.12,-134.97,77.45,12.26
797213,Pervomayskoye,100,RU,1607745804,70,43.92,46.71,44.98,24.43
6113406,Prince Rupert,1,CA,1607745790,82,54.32,-130.32,41.0,6.93
1624725,Tarakan,85,ID,1607745804,75,3.3,117.63,82.24,1.32
593406,Varėna,90,LT,1607745804,86,54.22,24.57,28.4,11.41
3698304,Chimbote,99,PE,1607745805,84,-9.09,-78.58,67.55,6.26
2178753,Kirakira,50,SB,1607745805,61,-10.45,161.92,87.84,7.96
3580279,Gouyave,40,GD,1607745805,94,12.16,-61.73,75.2,5.82
1151464,Phang Nga,20,TH,1607745805,58,8.45,98.53,89.01,3.36
2236967,Soyo,99,AO,1607745805,87,-6.13,12.37,76.89,3.49
4033557,Tautira,75,PF,1607745743,66,-17.73,-149.15,84.2,4.7
1790923,Wuxi,2,CN,1607745684,70,31.57,120.29,57.0,5.75
5563397,Eureka,100,US,1607745727,94,40.8,-124.16,46.99,6.2
3391889,Pitimbu,75,BR,1607745806,83,-7.47,-34.81,75.2,3.36
1268814,Joshīmath,77,IN,1607745806,44,30.57,79.57,48.07,5.91
3386213,Touros,40,BR,1607745508,83,-5.2,-35.46,75.2,4.7
1802238,Loudi,21,CN,1607745555,57,27.73,111.99,55.44,2.98
1625708,Tabanan,40,ID,1607745807,79,-8.54,115.13,84.2,8.05
2071860,Esperance,90,AU,1607745702,64,-33.87,121.9,73.4,9.17
3466980,Caravelas,47,BR,1607745807,85,-17.71,-39.25,75.11,8.01
286621,Salalah,0,OM,1607745807,26,17.02,54.09,69.8,10.29
1489656,Teya,92,RU,1607745807,85,60.38,92.63,-17.37,2.57
2137773,Vao,100,NC,1607745808,82,-22.67,167.48,77.77,18.97
2477537,Tazmalt,40,DZ,1607745808,77,36.39,4.4,64.4,9.17
1314759,Lashio,5,MM,1607745808,57,22.93,97.75,72.57,1.57
2963295,Killybegs,86,IE,1607745808,94,54.63,-8.45,39.99,3.0
1510377,Belyy Yar,91,RU,1607745808,84,53.6,91.39,1.4,10.76
3445451,Várzea Grande,40,BR,1607745808,83,-15.65,-56.13,75.2,6.93
3356213,Khorixas,0,NA,1607745809,64,-20.37,14.97,56.3,6.53
2338242,Ikom,100,NG,1607745809,94,5.97,8.71,73.24,0.96
107304,Buraidah,0,SA,1607745639,93,26.33,43.98,50.0,3.36
3647444,Calabozo,28,VE,1607745809,69,8.92,-67.43,72.23,6.31
3662762,Porto Velho,40,BR,1607745797,94,-8.76,-63.9,75.2,2.24
5850511,Makaha,1,US,1607745809,61,21.47,-158.22,82.4,6.93
4323873,Estelle,75,US,1607745810,93,29.85,-90.11,66.2,8.05
3456642,Mozarlândia,100,BR,1607745810,96,-14.74,-50.57,70.63,3.78
3374235,Sal Rei,75,CV,1607745810,73,16.18,-22.92,71.6,8.05
160141,Dunda,83,TZ,1607745810,82,-8.12,34.25,67.17,1.59
3443061,Chui,75,UY,1607745590,88,-33.7,-53.46,63.01,4.27
3421719,Narsaq,8,GL,1607745810,52,60.92,-46.05,15.8,4.7
1863997,Fukuechō,75,JP,1607745686,66,32.69,128.84,53.6,14.99
5495360,Tucumcari,1,US,1607745811,86,35.17,-103.72,30.2,6.93
4844309,Torrington,79,US,1607745811,92,41.8,-73.12,39.99,4.99
3398612,Guajará,19,BR,1607745811,65,-2.97,-57.67,76.62,2.71
3374210,São Filipe,86,CV,1607745812,74,14.9,-24.5,73.44,7.76
3929611,San Jerónimo,98,PE,1607745812,70,-11.95,-75.28,52.45,3.8
3143368,Ørnes,0,NO,1607745812,64,66.87,13.71,35.6,14.99
2070998,Geraldton,0,AU,1607745812,65,-28.77,114.6,80.6,14.99
2028164,Deputatsky,0,RU,1607745812,83,69.3,139.9,-36.04,1.32
6145668,Shediac,75,CA,1607745812,87,46.22,-64.54,35.01,5.82
1607068,Ranot,96,TH,1607745813,73,7.78,100.32,82.94,5.75
1106677,Bambous Virieux,40,MU,1607745813,69,-20.34,57.76,80.01,11.41
2303236,Begoro,53,GH,1607745813,98,6.39,-0.38,71.38,4.88
1651810,Airai,34,TL,1607745813,87,-8.93,125.41,73.33,2.44
1337618,Manadhoo,0,MV,1607745813,71,5.77,73.38,81.95,4.59
3336897,La Rioja,20,ES,1607745814,71,42.25,-2.5,50.0,18.34
3985710,Cabo San Lucas,75,MX,1607745614,77,22.89,-109.91,69.8,2.24
3450083,Santa Maria,0,BR,1607745769,51,-29.68,-53.81,82.4,4.7
1507390,Dikson,100,RU,1607745814,94,73.51,80.55,3.07,23.44
4362001,Mayo,1,US,1607745621,100,38.89,-76.51,50.0,6.29
3355672,Lüderitz,0,NA,1607745814,81,-26.65,15.16,58.95,11.54
3366880,Hermanus,2,ZA,1607745638,93,-34.42,19.23,59.0,1.7
3471691,Araxá,100,BR,1607745815,97,-19.59,-46.94,64.72,3.4
4845585,Westport,90,US,1607745815,93,41.14,-73.36,43.0,3.36
738742,Tokat,100,TR,1607745815,95,40.42,36.58,34.2,7.14
5954718,Flin Flon,67,CA,1607745815,95,54.77,-101.86,4.48,1.5
2090990,Mendi,93,PG,1607745815,74,-6.18,143.65,67.41,5.93
1217180,Kogon,75,UZ,1607745816,73,39.72,64.55,21.2,2.24
2514651,Los Llanos de Aridane,75,ES,1607745816,88,28.66,-17.92,64.4,8.05
2015306,Tiksi,73,RU,1607745816,83,71.69,128.87,-33.21,8.72
2146219,Hervey Bay,73,AU,1607745816,60,-25.3,152.85,79.0,10.0
1855342,Nishihara,40,JP,1607745816,49,26.18,127.76,73.4,16.11
2444995,Filingué,11,NE,1607745817,19,14.35,3.32,75.18,10.04
4333811,Morgan City,40,US,1607745817,88,29.7,-91.21,64.4,10.29
2457161,Gao,0,ML,1607745817,23,16.64,1.64,69.58,10.02
53157,Qandala,50,SO,1607745817,52,11.47,49.87,74.93,4.59
1819729,Hong Kong,12,HK,1607745563,83,22.29,114.16,70.0,1.01
1502192,Krapivinskiy,90,RU,1607745817,85,55.0,86.81,10.4,8.95
2077895,Alice Springs,100,AU,1607745692,19,-23.7,133.88,95.0,17.22
1181022,Chhor,0,PK,1607745818,48,25.52,69.77,66.29,11.5
3347019,Mossamedes,83,AO,1607745818,78,-15.2,12.15,64.15,1.99
479704,Uchaly,59,RU,1607745818,86,54.3,59.45,18.25,3.78
5004792,Owosso,90,US,1607745549,93,43.0,-84.18,39.2,4.7
3598787,Champerico,0,GT,1607745818,94,14.3,-91.92,66.99,3.04
3471451,Arraial do Cabo,92,BR,1607745666,89,-22.97,-42.03,74.57,14.88
2068655,Katherine,100,AU,1607745819,46,-14.47,132.27,91.4,3.36
5282297,Bethel,1,US,1607745819,100,41.37,-73.41,37.0,3.91
908718,Maamba,34,ZM,1607745819,84,-17.37,27.15,71.01,1.88
3466307,Chapada dos Guimarães,40,BR,1607745819,83,-15.46,-55.75,75.2,6.93
3385658,Uruçuí,0,BR,1607745820,70,-7.23,-44.56,76.93,0.92
1649150,Bengkulu,96,ID,1607745820,67,-3.8,102.27,83.59,13.89
2337352,Ipoti,73,NG,1607745820,91,7.87,5.08,72.12,5.75
3385077,Conde,75,BR,1607745820,83,-7.26,-34.91,75.2,3.36
1504489,Karasuk,100,RU,1607745820,93,53.74,78.04,-1.37,7.11
3372783,Ponta Delgada,75,PT,1607745728,72,37.73,-25.67,62.6,16.11
3372964,Lagoa,9,PT,1607745821,80,39.05,-27.98,63.0,28.92
707758,Hlukhiv,3,UA,1607745821,95,51.68,33.92,19.31,12.75
1513087,Nurota,19,UZ,1607745821,85,40.56,65.69,24.8,4.27
3597509,El Calvario,8,GT,1607745821,100,14.12,-89.92,58.26,4.0
3402648,Carutapera,0,BR,1607745822,82,-1.2,-46.02,77.94,6.8
5962442,Goderich,100,CA,1607745628,86,43.75,-81.72,39.2,6.93
3392368,Penalva,0,BR,1607745822,92,-3.29,-45.17,74.88,2.51
3831208,Qaanaaq,100,GL,1607745822,86,77.48,-69.36,24.04,8.75
2163355,Hobart,20,AU,1607745604,56,-42.88,147.33,78.01,16.11
2136825,Isangel,75,VU,1607745823,74,-19.55,169.27,86.0,5.82
986717,Kruisfontein,100,ZA,1607745677,88,-34.0,24.73,64.0,4.85
2012530,Zhigansk,99,RU,1607745823,82,66.77,123.37,-35.55,9.55
2449893,Tessalit,0,ML,1607745823,34,20.2,1.01,54.37,10.85
5527953,Pampa,1,US,1607745823,92,35.54,-100.96,32.0,10.29
5877641,Wasilla,1,US,1607745824,77,61.58,-149.44,17.01,4.7
3146487,Raudeberg,0,NO,1607745824,69,61.99,5.14,37.0,7.36
1079048,Ambovombe,0,MG,1607745824,63,-25.17,46.08,76.19,6.96
2155562,Nelson Bay,90,AU,1607745824,46,-32.72,152.15,72.0,21.92
4954611,Watertown,40,US,1607745825,81,42.37,-71.18,45.0,9.17
6201424,Mataura,100,NZ,1607745644,81,-46.19,168.86,54.0,23.0
3893726,Constitución,0,CL,1607745825,81,-35.33,-72.42,52.81,9.51
3629706,Puerto Cabello,13,VE,1607745825,77,10.47,-68.01,77.52,4.5
5955902,Fort Nelson,90,CA,1607745605,71,58.81,-122.7,6.8,16.11
3664659,Carauari,87,BR,1607745825,98,-4.88,-66.9,73.89,0.36
293842,Kiryat Gat,0,IL,1607745826,58,31.61,34.76,61.0,5.82
779622,Havøysund,0,NO,1607745596,92,71.0,24.66,32.0,18.34
3412093,Vestmannaeyjar,100,IS,1607745826,89,63.44,-20.27,45.27,16.49
5106841,Albany,100,US,1607745578,76,42.6,-73.97,37.0,1.39
5855927,Hilo,75,US,1607745826,65,19.73,-155.09,78.8,8.05
4450753,West Point,75,US,1607745826,82,33.61,-88.65,60.8,8.05
3444201,Puerto Quijarro,56,BO,1607745827,97,-17.78,-57.77,71.71,2.95
3380290,Sinnamary,97,GF,1607745827,88,5.38,-52.95,77.09,7.96
5924351,Clyde River,90,CA,1607745827,92,70.47,-68.59,10.4,6.93
1804609,Laibin,98,CN,1607745827,54,23.7,109.27,63.39,6.49
3408368,Acaraú,84,BR,1607745827,81,-2.89,-40.12,79.54,16.87
140463,Birjand,75,IR,1607745827,86,32.87,59.22,33.8,2.37
255507,Perivólia,75,GR,1607745828,93,35.48,23.98,55.4,7.54
2129868,Iwanai,98,JP,1607745828,85,42.97,140.51,34.07,8.79
695643,Reshetylivka,100,UA,1607745828,93,49.56,34.08,27.28,16.44
2654970,Brae,100,GB,1607745828,75,60.4,-1.35,44.6,23.04
2021188,Kurumkan,99,RU,1607745828,80,54.3,110.3,-7.08,0.87
5368361,Los Angeles,1,US,1607745578,76,34.05,-118.24,57.2,1.99
3929631,San Isidro,90,PE,1607745829,82,-12.12,-77.05,68.0,11.41
6111862,Port Hardy,75,CA,1607745607,100,50.7,-127.42,42.8,3.36
1006984,East London,90,ZA,1607745781,93,-33.02,27.91,66.2,8.05
1219649,Turkmenabat,90,TM,1607745829,85,39.07,63.58,32.0,8.34
341397,Burē,65,ET,1607745829,53,10.7,37.07,54.86,4.03
934479,Grand Gaube,39,MU,1607745829,61,-20.01,57.66,80.01,5.99
497764,Selishche,98,RU,1607745830,95,56.89,33.27,20.55,7.52
778707,Mehamn,100,NO,1607745830,95,71.04,27.85,31.48,6.24
1001736,Glencoe,75,ZA,1607745830,65,-28.18,30.15,66.22,0.94
3693584,Pimentel,100,PE,1607745830,86,-6.84,-79.93,66.69,11.45
3936456,Lima,90,PE,1607745788,82,-12.04,-77.03,68.0,11.41
5866583,Saint Paul Harbor,90,US,1607745830,86,57.79,-152.41,41.0,29.97
3394372,Morros,58,BR,1607745830,77,-9.45,-46.3,74.34,2.21
2055166,Sayansk,100,RU,1607745831,90,54.11,102.16,0.75,11.92
522312,Nezhinka,90,RU,1607745831,84,51.77,55.37,6.8,2.24
2640377,Penzance,92,GB,1607745831,75,50.12,-5.54,46.4,23.04
686090,Asău,90,RO,1607745831,100,46.43,26.4,35.01,1.12
5392171,San Jose,90,US,1607745534,62,37.34,-121.89,54.0,11.41
2276492,Harper,58,LR,1607745831,86,4.38,-7.72,77.74,5.46
6096551,Pangnirtung,100,CA,1607745832,92,66.15,-65.71,14.7,2.44
5969025,Haines Junction,55,CA,1607745832,82,60.75,-137.51,-16.6,1.12
1285899,Yamethin,4,MM,1607745832,55,20.43,96.15,76.5,4.38
2450173,Taoudenni,0,ML,1607745832,34,22.68,-3.98,58.64,9.69
556268,Ostrovnoy,61,RU,1607745832,96,68.05,39.51,26.98,12.28
4034551,Faanui,21,PF,1607745832,77,-16.48,-151.75,80.29,15.41
6050066,La Ronge,4,CA,1607745832,92,55.1,-105.28,17.6,3.36
1512019,Aksarka,98,RU,1607745833,93,66.56,67.8,10.9,8.72
2180815,Tuatapere,98,NZ,1607745833,81,-46.13,167.68,54.0,23.0
1524296,Esil,11,KZ,1607745833,94,51.96,66.4,6.73,5.73
2206874,Waipawa,37,NZ,1607745833,52,-41.41,175.52,66.2,11.41
359783,Assiut,0,EG,1607745833,54,27.18,31.18,57.2,2.57
2112309,Katsuura,95,JP,1607745662,64,35.13,140.3,59.0,1.99
2141714,Bourail,100,NC,1607745834,77,-21.57,165.48,75.7,7.45
4470244,Havelock,90,US,1607745834,100,34.88,-76.9,61.0,6.93
1307741,Myitkyina,0,MM,1607745834,45,25.38,97.4,73.56,1.92
2098329,Daru,98,PG,1607745834,70,-9.08,143.21,85.55,7.27
5870133,Nome,1,US,1607745834,47,64.5,-165.41,12.2,16.11
371745,Kutum,6,SD,1607745835,32,14.2,24.67,58.37,5.26
3461370,Imbituba,75,BR,1607745835,88,-28.24,-48.67,77.0,16.11
3372707,Ribeira Grande,25,PT,1607745835,80,38.52,-28.7,63.16,25.77
3430863,Mar del Plata,0,AR,1607745825,77,-38.0,-57.56,59.0,5.82
2629833,Husavik,90,IS,1607745835,75,66.04,-17.34,42.8,12.75
3698359,Chicama,100,PE,1607745835,76,-7.84,-79.15,69.58,5.57
2399001,Mayumba,100,GA,1607745835,90,-3.43,10.66,76.87,3.67
8079926,Labuhan,96,ID,1607745836,70,-6.88,112.21,85.5,6.4
3984997,San Quintín,1,MX,1607745836,76,30.48,-115.95,57.9,10.63
1688696,San Policarpo,7,PH,1607745836,71,12.18,125.51,84.92,6.67
4683462,Corsicana,75,US,1607745714,82,32.1,-96.47,59.0,11.41
2206939,Bluff,100,NZ,1607745836,81,-46.6,168.33,54.0,23.0
3843123,Neuquén,0,AR,1607745542,45,-38.95,-68.06,62.6,8.05
3361142,Springbok,68,ZA,1607745837,92,-29.66,17.89,50.05,4.9
3883457,Lebu,100,CL,1607745837,90,-37.62,-73.65,55.81,5.79
1803331,Linxia Chengguanzhen,0,CN,1607745837,80,35.6,103.21,29.17,1.79
4938048,Grafton,1,US,1607745838,86,42.21,-71.69,43.0,16.11
5861897,Fairbanks,20,US,1607745603,75,64.84,-147.72,-8.0,3.36
1791779,Wanning,92,CN,1607745838,85,18.8,110.4,75.34,9.82
3584003,Puerto El Triunfo,0,SV,1607745838,88,13.28,-88.55,71.6,2.24
364027,Wagar,30,SD,1607745600,79,16.15,36.2,64.74,11.03
2019199,Nizhneangarsk,100,RU,1607745838,87,55.78,109.55,-1.19,4.47
2027786,Amga,87,RU,1607745839,80,60.9,131.96,-37.08,0.83
935215,Saint-Philippe,0,RE,1607745839,65,-21.36,55.77,78.8,19.46
245669,Adré,0,TD,1607745839,25,13.47,22.2,64.94,10.67
1254709,Tezu,12,IN,1607745839,36,27.92,96.17,74.16,3.33
2381972,Adrar,3,MR,1607745840,31,20.5,-10.07,55.22,9.78
1160571,Khāsh,0,IR,1607745840,57,28.22,61.22,43.39,3.02
95446,Erbil,0,IQ,1607745840,93,36.19,44.01,39.2,3.36
5848280,Kapaa,20,US,1607745600,65,22.08,-159.32,80.6,10.29
964420,Port Elizabeth,40,ZA,1607745840,93,-33.92,25.57,64.4,5.82
2126123,Chokurdakh,16,RU,1607745840,83,70.63,147.92,-35.48,6.11
2541479,Nador,0,MA,1607745841,72,35.17,-2.93,64.4,17.22
709075,Partenit,77,UA,1607745841,85,44.58,34.34,50.63,1.39
4036284,Alofi,75,NU,1607745841,88,-19.06,-169.92,80.6,17.22
609906,Fort-Shevchenko,0,KZ,1607745841,92,44.51,50.26,30.99,20.87
3935624,Macusani,33,PE,1607745841,82,-14.08,-70.43,38.53,3.47
2374583,Bubaque,0,GW,1607745842,76,11.28,-15.83,80.01,9.64
53654,Mogadishu,0,SO,1607745625,75,2.04,45.34,77.07,17.27
762850,Ostrów Mazowiecka,100,PL,1607745842,92,52.8,21.9,36.0,5.01
3860443,Comodoro Rivadavia,0,AR,1607745640,35,-45.87,-67.5,57.2,29.97
2911298,Hamburg,90,DE,1607745719,98,53.55,10.0,36.0,13.87
4946620,Palmer,40,US,1607745843,93,42.16,-72.33,41.0,6.93
3520064,Salina Cruz,80,MX,1607745843,88,16.17,-95.2,73.09,3.22
897456,Sinazongwe,47,ZM,1607745843,79,-17.26,27.46,75.15,2.3
2191562,Dunedin,93,NZ,1607745571,61,-45.87,170.5,54.84,17.63
5503914,Fallon,90,US,1607745843,38,39.47,-118.78,41.0,3.36
2120048,Ust-Nera,35,RU,1607745844,72,64.57,143.2,-37.3,0.92
2400547,Gamba,93,GA,1607745844,90,-2.65,10.0,75.6,2.98
2173911,Broken Hill,40,AU,1607745586,19,-31.95,141.43,91.4,18.34
3579761,Baillif,40,GP,1607745844,94,16.02,-61.75,73.4,2.24
1173378,Kot Addu,0,PK,1607745629,100,30.47,70.97,48.2,4.47
1712961,Gigmoto,12,PH,1607745845,72,13.78,124.39,85.48,5.95
3421765,Nanortalik,61,GL,1607745845,79,60.14,-45.24,30.97,5.44
4513583,Hamilton,75,US,1607745700,66,39.18,-84.53,55.99,6.93
3894426,Coyhaique,20,CL,1607745845,61,-45.58,-72.07,46.4,4.7
2708365,Halmstad,100,SE,1607745846,86,56.67,12.86,37.99,9.17
3430443,Necochea,22,AR,1607745846,47,-38.55,-58.74,60.44,17.38
2157698,Mildura,100,AU,1607745846,19,-34.2,142.15,91.4,17.22
3645532,Ciudad Bolivar,1,VE,1607745637,76,8.12,-63.55,76.84,10.16
2037222,Gongzhuling,9,CN,1607745846,83,43.5,124.82,11.41,4.79
2132606,Samarai,14,PG,1607745846,72,-10.62,150.67,83.59,10.8
2017215,Sangar,71,RU,1607745847,80,63.92,127.47,-41.6,2.13
2022083,Alekseyevsk,100,RU,1607745847,88,57.84,108.35,-8.77,1.92
3435910,Buenos Aires,0,AR,1607745820,33,-34.61,-58.38,73.0,3.36
161974,Bereket,0,TM,1607745686,91,39.24,55.52,25.9,6.08
4013679,Coahuayana Viejo,100,MX,1607745847,81,18.73,-103.68,72.86,2.28
2013727,Vanavara,19,RU,1607745848,81,60.34,102.28,-35.57,1.61
3137469,Sørland,100,NO,1607745848,74,67.67,12.69,40.39,8.72
3573374,The Valley,40,AI,1607745848,83,18.22,-63.06,78.8,9.17
2641434,Northam,100,GB,1607745849,86,51.03,-4.22,46.99,11.99
3430545,Morón,0,AR,1607745849,67,-34.65,-58.62,73.0,2.24
1028434,Quelimane,20,MZ,1607745735,94,-17.88,36.89,78.8,4.09
6145890,Shelburne,100,CA,1607745608,97,44.08,-80.2,37.99,6.96
229024,Mpigi,20,UG,1607745849,88,0.23,32.31,68.0,4.7
338345,Edd,0,ER,1607745850,58,13.93,41.69,76.42,3.6
4503351,Ocean City,90,US,1607745749,93,39.28,-74.57,52.0,9.98
2063042,Port Hedland,40,AU,1607745850,59,-20.32,118.57,89.6,21.92
4111382,Forrest City,100,US,1607745850,100,35.01,-90.79,57.2,12.75
935616,Le Port,20,RE,1607745607,61,-20.94,55.29,78.8,17.22
1835848,Seoul,1,KR,1607745826,38,37.57,126.98,42.8,5.82
1529660,Aksu,60,CN,1607745851,87,41.12,80.26,29.59,4.83
4920986,Griffith,90,US,1607745592,100,41.53,-87.42,44.01,8.05
4034496,Fare,44,PF,1607745851,76,-16.7,-151.02,80.73,14.18
1490256,Talnakh,90,RU,1607745851,83,69.49,88.4,-9.4,29.08
3022826,Coutances,99,FR,1607745851,87,49.05,-1.43,51.01,23.04
3837213,San Juan,0,AR,1607745645,22,-31.54,-68.54,71.82,1.39
1514792,Gazojak,49,TM,1607745852,80,41.19,61.4,26.56,5.59
1847947,Shingū,40,JP,1607745622,51,33.73,135.98,59.0,17.22
1489853,Tazovsky,100,RU,1607745852,95,67.47,78.7,3.81,9.57
2126199,Cherskiy,100,RU,1607745852,89,68.75,161.3,-13.2,5.93
921786,Mitsamiouli,100,KM,1607745853,73,-11.38,43.28,81.95,8.5
5914132,Campbell River,90,CA,1607745613,100,50.02,-125.24,39.0,2.55
